{"cameraMode":{"drawMode":0,"name":"Shaded","section":"Shading Mode"},"sceneLighting":false,"audioPlay":false,"sceneViewState":{"m_AlwaysRefresh":false,"showFog":true,"showSkybox":false,"showFlares":true,"showImageEffects":true,"showParticleSystems":true,"showVisualEffectGraphs":true,"m_FxEnabled":true},"in2DMode":false,"pivot":{"x":0.000039458274841308594,"y":0.8554815053939819,"z":-0.040629684925079349},"rotation":{"x":0.08158940076828003,"y":-0.6035093665122986,"z":0.06149405613541603,"w":0.7912198901176453},"size":1.425703525543213,"orthographic":false}