{"cameraMode":{"drawMode":0,"name":"Shaded","section":"Shading Mode"},"sceneLighting":false,"audioPlay":false,"sceneViewState":{"m_AlwaysRefresh":false,"showFog":true,"showSkybox":false,"showFlares":true,"showImageEffects":true,"showParticleSystems":true,"showVisualEffectGraphs":true,"m_FxEnabled":true},"in2DMode":false,"pivot":{"x":-0.0000036766452922165628,"y":0.0000018512291717343033,"z":0.00001776273529685568},"rotation":{"x":0.03682367131114006,"y":-0.6455283761024475,"z":-0.7623838782310486,"w":-0.0316622368991375},"size":-0.00008267948578577489,"orthographic":false}