{"cameraMode":{"drawMode":0,"name":"Shaded","section":"Shading Mode"},"sceneLighting":false,"audioPlay":false,"sceneViewState":{"m_AlwaysRefresh":false,"showFog":true,"showSkybox":false,"showFlares":true,"showImageEffects":true,"showParticleSystems":true,"showVisualEffectGraphs":true,"m_FxEnabled":true},"in2DMode":false,"pivot":{"x":-0.4583263397216797,"y":0.08489704132080078,"z":-1.4208927154541016},"rotation":{"x":0.010245755314826966,"y":-0.9900930523872376,"z":0.10463225841522217,"w":0.09473905712366104},"size":13.345237731933594,"orthographic":false}