{"cameraMode":{"drawMode":0,"name":"Shaded","section":"Shading Mode"},"sceneLighting":false,"audioPlay":false,"sceneViewState":{"m_AlwaysRefresh":false,"showFog":true,"showSkybox":false,"showFlares":true,"showImageEffects":true,"showParticleSystems":true,"showVisualEffectGraphs":true,"m_FxEnabled":true},"in2DMode":false,"pivot":{"x":152.94000244140626,"y":38.439998626708987,"z":41.09000015258789},"rotation":{"x":0.2282695323228836,"y":-0.029754986986517907,"z":0.006945811677724123,"w":0.9731621742248535},"size":1.2955148220062256,"orthographic":false}