{"cameraMode":{"drawMode":0,"name":"Shaded","section":"Shading Mode"},"sceneLighting":false,"audioPlay":false,"sceneViewState":{"m_AlwaysRefresh":false,"showFog":true,"showSkybox":false,"showFlares":true,"showImageEffects":true,"showParticleSystems":true,"showVisualEffectGraphs":true,"m_FxEnabled":true},"in2DMode":false,"pivot":{"x":-0.11761915683746338,"y":0.8186162710189819,"z":0.5221704244613648},"rotation":{"x":0.1417817920446396,"y":-0.7646602988243103,"z":-0.6024122834205627,"w":-0.18052172660827638},"size":1.0125031471252442,"orthographic":false}