{"cameraMode":{"drawMode":0,"name":"Shaded","section":"Shading Mode"},"sceneLighting":false,"audioPlay":false,"sceneViewState":{"m_AlwaysRefresh":false,"showFog":true,"showSkybox":false,"showFlares":true,"showImageEffects":true,"showParticleSystems":true,"showVisualEffectGraphs":true,"m_FxEnabled":true},"in2DMode":false,"pivot":{"x":0.14714345335960389,"y":0.21468432247638703,"z":-0.04146627336740494},"rotation":{"x":-0.007234932854771614,"y":-0.7963708639144898,"z":0.008082939311861992,"w":-0.6051108241081238},"size":0.2460561841726303,"orthographic":false}