{"cameraMode":{"drawMode":0,"name":"Shaded","section":"Shading Mode"},"sceneLighting":false,"audioPlay":false,"sceneViewState":{"m_AlwaysRefresh":false,"showFog":true,"showSkybox":false,"showFlares":true,"showImageEffects":true,"showParticleSystems":true,"showVisualEffectGraphs":true,"m_FxEnabled":true},"in2DMode":false,"pivot":{"x":-0.0000026359148250776345,"y":8.54270183481276e-7,"z":-0.000005057063845015364},"rotation":{"x":-0.5649120807647705,"y":-0.43444350361824038,"z":-0.5147206783294678,"w":0.4769577085971832},"size":0.0012173204449936748,"orthographic":false}