{"cameraMode":{"drawMode":0,"name":"Shaded","section":"Shading Mode"},"sceneLighting":false,"audioPlay":false,"sceneViewState":{"m_AlwaysRefresh":false,"showFog":true,"showSkybox":false,"showFlares":true,"showImageEffects":true,"showParticleSystems":true,"showVisualEffectGraphs":true,"m_FxEnabled":true},"in2DMode":false,"pivot":{"x":0.1556764841079712,"y":0.044577717781066897,"z":0.42599916458129885},"rotation":{"x":-0.9009416103363037,"y":-0.09891640394926071,"z":-0.30800753831863406,"w":0.2897392213344574},"size":0.7266852855682373,"orthographic":false}