{"cameraMode":{"drawMode":0,"name":"Shaded","section":"Shading Mode"},"sceneLighting":true,"audioPlay":false,"sceneViewState":{"m_AlwaysRefresh":false,"showFog":true,"showSkybox":false,"showFlares":true,"showImageEffects":true,"showParticleSystems":true,"showVisualEffectGraphs":true,"m_FxEnabled":true},"in2DMode":false,"pivot":{"x":1.9428253173828126,"y":-1.589494228363037,"z":-0.29297566413879397},"rotation":{"x":-0.31518805027008059,"y":-0.4655311703681946,"z":0.18172088265419007,"w":-0.8069712519645691},"size":4.2754034996032719,"orthographic":false}