{"cameraMode":{"drawMode":0,"name":"Shaded","section":"Shading Mode"},"sceneLighting":false,"audioPlay":false,"sceneViewState":{"m_AlwaysRefresh":false,"showFog":true,"showSkybox":false,"showFlares":true,"showImageEffects":true,"showParticleSystems":true,"showVisualEffectGraphs":true,"m_FxEnabled":true},"in2DMode":false,"pivot":{"x":-0.5896464586257935,"y":0.0761786699295044,"z":0.7812362909317017},"rotation":{"x":-0.6346554756164551,"y":0.3616054654121399,"z":0.43604886531829836,"w":0.5259392261505127},"size":0.6837397217750549,"orthographic":false}