{"cameraMode":{"drawMode":0,"name":"Shaded","section":"Shading Mode"},"sceneLighting":false,"audioPlay":false,"sceneViewState":{"m_AlwaysRefresh":false,"showFog":true,"showSkybox":false,"showFlares":true,"showImageEffects":true,"showParticleSystems":true,"showVisualEffectGraphs":true,"m_FxEnabled":true},"in2DMode":false,"pivot":{"x":-0.2218303680419922,"y":1.3188093900680543,"z":-0.11675190925598145},"rotation":{"x":-0.051582153886556628,"y":0.8800377249717712,"z":-0.09737971425056458,"w":-0.4624084532260895},"size":2.555081367492676,"orthographic":false}