{"cameraMode":{"drawMode":0,"name":"Shaded","section":"Shading Mode"},"sceneLighting":false,"audioPlay":false,"sceneViewState":{"m_AlwaysRefresh":false,"showFog":true,"showSkybox":false,"showFlares":true,"showImageEffects":true,"showParticleSystems":true,"showVisualEffectGraphs":true,"m_FxEnabled":true},"in2DMode":false,"pivot":{"x":0.01423904299736023,"y":0.34639376401901247,"z":0.03375518321990967},"rotation":{"x":-0.42329105734825137,"y":0.08682969212532044,"z":-0.036624595522880557,"w":-0.9022572040557861},"size":0.956800103187561,"orthographic":false}