{"cameraMode":{"drawMode":0,"name":"Shaded","section":"Shading Mode"},"sceneLighting":false,"audioPlay":false,"sceneViewState":{"m_AlwaysRefresh":false,"showFog":true,"showSkybox":false,"showFlares":true,"showImageEffects":true,"showParticleSystems":true,"showVisualEffectGraphs":true,"m_FxEnabled":true},"in2DMode":false,"pivot":{"x":0.1615287959575653,"y":-0.12976862490177155,"z":0.14030489325523377},"rotation":{"x":0.28042152523994448,"y":-0.36306485533714297,"z":0.11497624218463898,"w":0.8814876079559326},"size":1.4512189626693726,"orthographic":false}