{"cameraMode":{"drawMode":0,"name":"Shaded","section":"Shading Mode"},"sceneLighting":false,"audioPlay":false,"sceneViewState":{"m_AlwaysRefresh":false,"showFog":true,"showSkybox":true,"showFlares":true,"showImageEffects":true,"showParticleSystems":true,"showVisualEffectGraphs":true,"m_FxEnabled":true},"in2DMode":false,"pivot":{"x":139.18008422851563,"y":37.167911529541019,"z":158.7639617919922},"rotation":{"x":-0.23247727751731873,"y":0.18276748061180116,"z":-0.05318578705191612,"w":-0.9553856253623962},"size":15.61097526550293,"orthographic":false}