{"cameraMode":{"drawMode":0,"name":"Shaded","section":"Shading Mode"},"sceneLighting":false,"audioPlay":false,"sceneViewState":{"m_AlwaysRefresh":false,"showFog":true,"showSkybox":true,"showFlares":true,"showImageEffects":true,"showParticleSystems":true,"showVisualEffectGraphs":true,"m_FxEnabled":true},"in2DMode":false,"pivot":{"x":177.75172424316407,"y":18.275739669799806,"z":60.94569396972656},"rotation":{"x":-0.25228026509284975,"y":-0.3612026274204254,"z":0.09325742721557617,"w":-0.8945470452308655},"size":25.944808959960939,"orthographic":false}