{"cameraMode":{"drawMode":0,"name":"Shaded","section":"Shading Mode"},"sceneLighting":true,"audioPlay":false,"sceneViewState":{"m_AlwaysRefresh":false,"showFog":true,"showSkybox":true,"showFlares":true,"showImageEffects":true,"showParticleSystems":true,"showVisualEffectGraphs":true,"m_FxEnabled":true},"in2DMode":false,"pivot":{"x":136.3967742919922,"y":38.86388397216797,"z":15.281478881835938},"rotation":{"x":0.06459055095911026,"y":0.9273844957351685,"z":-0.18988823890686036,"w":0.31650373339653017},"size":2.5715456008911135,"orthographic":false}