{"cameraMode":{"drawMode":0,"name":"Shaded","section":"Shading Mode"},"sceneLighting":false,"audioPlay":false,"sceneViewState":{"m_AlwaysRefresh":false,"showFog":true,"showSkybox":true,"showFlares":true,"showImageEffects":true,"showParticleSystems":true,"showVisualEffectGraphs":true,"m_FxEnabled":true},"in2DMode":false,"pivot":{"x":158.72499084472657,"y":35.42759704589844,"z":34.31026840209961},"rotation":{"x":0.025817757472395898,"y":-0.9538851380348206,"z":0.2866220772266388,"w":0.08582217246294022},"size":16.702072143554689,"orthographic":false}