{"cameraMode":{"drawMode":0,"name":"Shaded","section":"Shading Mode"},"sceneLighting":true,"audioPlay":false,"sceneViewState":{"m_AlwaysRefresh":false,"showFog":true,"showSkybox":true,"showFlares":true,"showImageEffects":true,"showParticleSystems":true,"showVisualEffectGraphs":true,"m_FxEnabled":true},"in2DMode":false,"pivot":{"x":1074.1263427734375,"y":278.30010986328127,"z":559.5782470703125},"rotation":{"x":0.09917041659355164,"y":0.009630192071199417,"z":-0.000341887294780463,"w":0.9952471852302551},"size":1866.854736328125,"orthographic":false}