{"cameraMode":{"drawMode":0,"name":"Shaded","section":"Shading Mode"},"sceneLighting":false,"audioPlay":false,"sceneViewState":{"m_AlwaysRefresh":false,"showFog":true,"showSkybox":false,"showFlares":true,"showImageEffects":true,"showParticleSystems":true,"showVisualEffectGraphs":true,"m_FxEnabled":true},"in2DMode":false,"pivot":{"x":-0.13996823132038117,"y":0.6087310910224915,"z":0.28466925024986269},"rotation":{"x":0.14202962815761567,"y":-0.6844829320907593,"z":-0.7016187906265259,"w":-0.13905908167362214},"size":0.6128872036933899,"orthographic":false}