{"cameraMode":{"drawMode":0,"name":"Shaded","section":"Shading Mode"},"sceneLighting":true,"audioPlay":false,"sceneViewState":{"m_AlwaysRefresh":false,"showFog":true,"showSkybox":false,"showFlares":true,"showImageEffects":true,"showParticleSystems":true,"showVisualEffectGraphs":true,"m_FxEnabled":true},"in2DMode":false,"pivot":{"x":-0.33174800872802737,"y":3.2335095405578615,"z":-1.073997974395752},"rotation":{"x":-0.00650364812463522,"y":-0.8881567120552063,"z":0.012186706997454167,"w":-0.45965054631233218},"size":4.758573055267334,"orthographic":false}