{"cameraMode":{"drawMode":0,"name":"Shaded","section":"Shading Mode"},"sceneLighting":false,"audioPlay":false,"sceneViewState":{"m_AlwaysRefresh":false,"showFog":true,"showSkybox":false,"showFlares":true,"showImageEffects":true,"showParticleSystems":true,"showVisualEffectGraphs":true,"m_FxEnabled":true},"in2DMode":false,"pivot":{"x":0.05470609664916992,"y":8.76771354675293,"z":-0.03436708450317383},"rotation":{"x":0.3272292912006378,"y":-0.005024228245019913,"z":0.001951079466380179,"w":0.9451280832290649},"size":4.1106438636779789,"orthographic":false}