{"cameraMode":{"drawMode":0,"name":"Shaded","section":"Shading Mode"},"sceneLighting":false,"audioPlay":false,"sceneViewState":{"m_AlwaysRefresh":false,"showFog":true,"showSkybox":false,"showFlares":true,"showImageEffects":true,"showParticleSystems":true,"showVisualEffectGraphs":true,"m_FxEnabled":true},"in2DMode":false,"pivot":{"x":0.000050187110900878906,"y":0.8775379657745361,"z":-0.04512530565261841},"rotation":{"x":0.019468078389763833,"y":0.9552738666534424,"z":-0.2879924774169922,"w":0.06456275284290314},"size":1.4376006126403809,"orthographic":false}