{"cameraMode":{"drawMode":0,"name":"Shaded","section":"Shading Mode"},"sceneLighting":false,"audioPlay":false,"sceneViewState":{"m_AlwaysRefresh":false,"showFog":true,"showSkybox":false,"showFlares":true,"showImageEffects":true,"showParticleSystems":true,"showVisualEffectGraphs":true,"m_FxEnabled":true},"in2DMode":false,"pivot":{"x":-0.022992193698883058,"y":0.03754723072052002,"z":0.038879990577697757},"rotation":{"x":-0.2899646461009979,"y":-0.4701617658138275,"z":0.17279291152954102,"w":-0.8171097636222839},"size":1.5928465127944947,"orthographic":false}