{"cameraMode":{"drawMode":0,"name":"Shaded","section":"Shading Mode"},"sceneLighting":false,"audioPlay":false,"sceneViewState":{"m_AlwaysRefresh":false,"showFog":true,"showSkybox":false,"showFlares":true,"showImageEffects":true,"showParticleSystems":true,"showVisualEffectGraphs":true,"m_FxEnabled":true},"in2DMode":false,"pivot":{"x":0.6098909378051758,"y":1.1221184730529786,"z":-1.706969141960144},"rotation":{"x":0.033344291150569919,"y":0.7629086971282959,"z":-0.03898416832089424,"w":0.6447632312774658},"size":1.4821290969848633,"orthographic":false}