{"cameraMode":{"drawMode":0,"name":"Shaded","section":"Shading Mode"},"sceneLighting":true,"audioPlay":false,"sceneViewState":{"m_AlwaysRefresh":false,"showFog":true,"showSkybox":false,"showFlares":true,"showImageEffects":true,"showParticleSystems":true,"showVisualEffectGraphs":true,"m_FxEnabled":true},"in2DMode":false,"pivot":{"x":-0.12073755264282227,"y":0.815808892250061,"z":-0.2703779935836792},"rotation":{"x":-0.08587674796581269,"y":-0.7855230569839478,"z":0.11165647208690644,"w":-0.6028265953063965},"size":3.3551504611968996,"orthographic":false}