{"cameraMode":{"drawMode":0,"name":"Shaded","section":"Shading Mode"},"sceneLighting":false,"audioPlay":false,"sceneViewState":{"m_AlwaysRefresh":false,"showFog":true,"showSkybox":false,"showFlares":true,"showImageEffects":true,"showParticleSystems":true,"showVisualEffectGraphs":true,"m_FxEnabled":true},"in2DMode":false,"pivot":{"x":0.31793642044067385,"y":0.9737095832824707,"z":0.40158629417419436},"rotation":{"x":-0.10652953386306763,"y":-0.7699720859527588,"z":0.1331215649843216,"w":-0.6151108741760254},"size":3.518782138824463,"orthographic":false}