{"cameraMode":{"drawMode":0,"name":"Shaded","section":"Shading Mode"},"sceneLighting":false,"audioPlay":false,"sceneViewState":{"m_AlwaysRefresh":false,"showFog":true,"showSkybox":false,"showFlares":true,"showImageEffects":true,"showParticleSystems":true,"showVisualEffectGraphs":true,"m_FxEnabled":true},"in2DMode":false,"pivot":{"x":0.19938135147094727,"y":3.282649517059326,"z":0.0037647485733032228},"rotation":{"x":0.2757670283317566,"y":0.03771146759390831,"z":-0.011883360333740712,"w":0.9616591334342957},"size":6.471147060394287,"orthographic":false}