{"cameraMode":{"drawMode":0,"name":"Shaded","section":"Shading Mode"},"sceneLighting":true,"audioPlay":false,"sceneViewState":{"m_AlwaysRefresh":false,"showFog":true,"showSkybox":false,"showFlares":true,"showImageEffects":true,"showParticleSystems":true,"showVisualEffectGraphs":true,"m_FxEnabled":true},"in2DMode":false,"pivot":{"x":2.17203426361084,"y":-0.9789628982543945,"z":6.205354690551758},"rotation":{"x":0.27718037366867068,"y":0.007860757410526276,"z":-0.0020350359845906498,"w":0.960981547832489},"size":7.804065227508545,"orthographic":false}