{"cameraMode":{"drawMode":0,"name":"Shaded","section":"Shading Mode"},"sceneLighting":false,"audioPlay":false,"sceneViewState":{"m_AlwaysRefresh":false,"showFog":true,"showSkybox":false,"showFlares":true,"showImageEffects":true,"showParticleSystems":true,"showVisualEffectGraphs":true,"m_FxEnabled":true},"in2DMode":false,"pivot":{"x":-0.000662684440612793,"y":0.9383936524391174,"z":-0.04451566934585571},"rotation":{"x":-0.18450777232646943,"y":0.1008993461728096,"z":-0.017596464604139329,"w":-0.9780566692352295},"size":1.4689935445785523,"orthographic":false}