{"cameraMode":{"drawMode":0,"name":"Shaded","section":"Shading Mode"},"sceneLighting":false,"audioPlay":false,"sceneViewState":{"m_AlwaysRefresh":false,"showFog":true,"showSkybox":false,"showFlares":true,"showImageEffects":true,"showParticleSystems":true,"showVisualEffectGraphs":true,"m_FxEnabled":true},"in2DMode":false,"pivot":{"x":-0.02982228994369507,"y":0.15793128311634065,"z":0.0017956197261810303},"rotation":{"x":-0.024141572415828706,"y":0.758075475692749,"z":-0.017260801047086717,"w":-0.6535176038742065},"size":0.6883087158203125,"orthographic":false}