{"cameraMode":{"drawMode":0,"name":"Shaded","section":"Shading Mode"},"sceneLighting":false,"audioPlay":false,"sceneViewState":{"m_AlwaysRefresh":false,"showFog":true,"showSkybox":false,"showFlares":true,"showImageEffects":true,"showParticleSystems":true,"showVisualEffectGraphs":true,"m_FxEnabled":true},"in2DMode":false,"pivot":{"x":-0.007208287715911865,"y":0.20183897018432618,"z":-0.19366073608398438},"rotation":{"x":-0.024141572415828706,"y":0.758075475692749,"z":-0.017260801047086717,"w":-0.6535176038742065},"size":1.1429497003555298,"orthographic":false}