{"cameraMode":{"drawMode":0,"name":"Shaded","section":"Shading Mode"},"sceneLighting":true,"audioPlay":false,"sceneViewState":{"m_AlwaysRefresh":false,"showFog":true,"showSkybox":false,"showFlares":true,"showImageEffects":true,"showParticleSystems":true,"showVisualEffectGraphs":true,"m_FxEnabled":true},"in2DMode":false,"pivot":{"x":-0.14856481552124024,"y":0.3503539562225342,"z":-0.468111515045166},"rotation":{"x":-0.14099547266960145,"y":-0.7782461047172546,"z":0.18815816938877107,"w":-0.5825275182723999},"size":2.9971961975097658,"orthographic":false}