{"cameraMode":{"drawMode":0,"name":"Shaded","section":"Shading Mode"},"sceneLighting":false,"audioPlay":false,"sceneViewState":{"m_AlwaysRefresh":false,"showFog":true,"showSkybox":false,"showFlares":true,"showImageEffects":true,"showParticleSystems":true,"showVisualEffectGraphs":true,"m_FxEnabled":true},"in2DMode":false,"pivot":{"x":0.03053341805934906,"y":-0.016488604247570039,"z":0.005957350134849548},"rotation":{"x":-0.14208433032035829,"y":-0.802169144153595,"z":0.21058399975299836,"w":-0.5406356453895569},"size":17.215084075927736,"orthographic":false}