{"cameraMode":{"drawMode":0,"name":"Shaded","section":"Shading Mode"},"sceneLighting":false,"audioPlay":false,"sceneViewState":{"m_AlwaysRefresh":false,"showFog":true,"showSkybox":false,"showFlares":true,"showImageEffects":true,"showParticleSystems":true,"showVisualEffectGraphs":true,"m_FxEnabled":true},"in2DMode":false,"pivot":{"x":-0.07302998006343842,"y":0.2496299296617508,"z":0.04097764939069748},"rotation":{"x":0.302857905626297,"y":-0.6901979446411133,"z":-0.5191581845283508,"w":-0.4033287465572357},"size":0.08027904480695725,"orthographic":false}