{"cameraMode":{"drawMode":0,"name":"Shaded","section":"Shading Mode"},"sceneLighting":false,"audioPlay":false,"sceneViewState":{"m_AlwaysRefresh":false,"showFog":true,"showSkybox":false,"showFlares":true,"showImageEffects":true,"showParticleSystems":true,"showVisualEffectGraphs":true,"m_FxEnabled":true},"in2DMode":false,"pivot":{"x":-0.11125504970550537,"y":0.05029706656932831,"z":0.04968687519431114},"rotation":{"x":-0.6103015542030335,"y":-0.3649677038192749,"z":-0.3741292655467987,"w":0.5955275893211365},"size":0.30558615922927859,"orthographic":false}