{"cameraMode":{"drawMode":0,"name":"Shaded","section":"Shading Mode"},"sceneLighting":false,"audioPlay":false,"sceneViewState":{"m_AlwaysRefresh":false,"showFog":true,"showSkybox":false,"showFlares":true,"showImageEffects":true,"showParticleSystems":true,"showVisualEffectGraphs":true,"m_FxEnabled":true},"in2DMode":false,"pivot":{"x":-0.13498544692993165,"y":5.974326133728027,"z":0.0029129981994628908},"rotation":{"x":-0.19283492863178254,"y":0.8005086183547974,"z":-0.3218020796775818,"w":-0.4686540961265564},"size":7.884310722351074,"orthographic":false}