{"cameraMode":{"drawMode":0,"name":"Shaded","section":"Shading Mode"},"sceneLighting":true,"audioPlay":false,"sceneViewState":{"m_AlwaysRefresh":false,"showFog":true,"showSkybox":false,"showFlares":true,"showImageEffects":true,"showParticleSystems":true,"showVisualEffectGraphs":true,"m_FxEnabled":true},"in2DMode":false,"pivot":{"x":1.0986590385437012,"y":1.4047014713287354,"z":-1.4438047409057618},"rotation":{"x":-0.1460702121257782,"y":-0.45532357692718508,"z":0.07583560794591904,"w":-0.8751468062400818},"size":3.380906343460083,"orthographic":false}