{"cameraMode":{"drawMode":0,"name":"Shaded","section":"Shading Mode"},"sceneLighting":false,"audioPlay":false,"sceneViewState":{"m_AlwaysRefresh":false,"showFog":true,"showSkybox":false,"showFlares":true,"showImageEffects":true,"showParticleSystems":true,"showVisualEffectGraphs":true,"m_FxEnabled":true},"in2DMode":false,"pivot":{"x":-0.12428402900695801,"y":1.1935219764709473,"z":0.21659362316131593},"rotation":{"x":0.08158940076828003,"y":-0.6035093665122986,"z":0.06149405613541603,"w":0.7912198901176453},"size":2.017150640487671,"orthographic":false}