{"cameraMode":{"drawMode":0,"name":"Shaded","section":"Shading Mode"},"sceneLighting":false,"audioPlay":false,"sceneViewState":{"m_AlwaysRefresh":false,"showFog":true,"showSkybox":false,"showFlares":true,"showImageEffects":true,"showParticleSystems":true,"showVisualEffectGraphs":true,"m_FxEnabled":true},"in2DMode":false,"pivot":{"x":172.67999267578126,"y":36.98241424560547,"z":31.309999465942384},"rotation":{"x":0.282598614692688,"y":-0.07527071982622147,"z":0.022216668352484704,"w":0.9560672640800476},"size":1.0976358652114869,"orthographic":false}