{"cameraMode":{"drawMode":0,"name":"Shaded","section":"Shading Mode"},"sceneLighting":false,"audioPlay":false,"sceneViewState":{"m_AlwaysRefresh":false,"showFog":true,"showSkybox":false,"showFlares":true,"showImageEffects":true,"showParticleSystems":true,"showVisualEffectGraphs":true,"m_FxEnabled":true},"in2DMode":false,"pivot":{"x":-0.006630420684814453,"y":0.8691136837005615,"z":-0.04554832726716995},"rotation":{"x":0.019468078389763833,"y":0.9552738666534424,"z":-0.2879924774169922,"w":0.06456275284290314},"size":1.4404174089431763,"orthographic":false}