{"cameraMode":{"drawMode":0,"name":"Shaded","section":"Shading Mode"},"sceneLighting":false,"audioPlay":false,"sceneViewState":{"m_AlwaysRefresh":false,"showFog":true,"showSkybox":false,"showFlares":true,"showImageEffects":true,"showParticleSystems":true,"showVisualEffectGraphs":true,"m_FxEnabled":true},"in2DMode":false,"pivot":{"x":0.38280820846557619,"y":-0.1920318603515625,"z":-0.31472015380859377},"rotation":{"x":-0.024141572415828706,"y":0.758075475692749,"z":-0.017260801047086717,"w":-0.6535176038742065},"size":4.0400190353393559,"orthographic":false}