{"cameraMode":{"drawMode":0,"name":"Shaded","section":"Shading Mode"},"sceneLighting":false,"audioPlay":false,"sceneViewState":{"m_AlwaysRefresh":false,"showFog":true,"showSkybox":false,"showFlares":true,"showImageEffects":true,"showParticleSystems":true,"showVisualEffectGraphs":true,"m_FxEnabled":true},"in2DMode":false,"pivot":{"x":144.68414306640626,"y":38.369773864746097,"z":28.573726654052736},"rotation":{"x":0.2193962186574936,"y":-0.055580735206604007,"z":0.011084219440817833,"w":0.9743609428405762},"size":3.4476633071899416,"orthographic":false}