{"cameraMode":{"drawMode":0,"name":"Shaded","section":"Shading Mode"},"sceneLighting":false,"audioPlay":false,"sceneViewState":{"m_AlwaysRefresh":false,"showFog":true,"showSkybox":false,"showFlares":true,"showImageEffects":true,"showParticleSystems":true,"showVisualEffectGraphs":true,"m_FxEnabled":true},"in2DMode":false,"pivot":{"x":0.07143306732177735,"y":1.9058221578598023,"z":0.285602331161499},"rotation":{"x":-0.18224669992923737,"y":0.6424964070320129,"z":-0.15559040009975434,"w":-0.728675901889801},"size":2.5728366374969484,"orthographic":false}