{"cameraMode":{"drawMode":0,"name":"Shaded","section":"Shading Mode"},"sceneLighting":false,"audioPlay":false,"sceneViewState":{"m_AlwaysRefresh":false,"showFog":true,"showSkybox":false,"showFlares":true,"showImageEffects":true,"showParticleSystems":true,"showVisualEffectGraphs":true,"m_FxEnabled":true},"in2DMode":false,"pivot":{"x":129.61891174316407,"y":37.123924255371097,"z":20.388011932373048},"rotation":{"x":0.31711211800575259,"y":0.06240265443921089,"z":-0.022463614121079446,"w":0.9464493989944458},"size":1.8441264629364014,"orthographic":false}