{"cameraMode":{"drawMode":0,"name":"Shaded","section":"Shading Mode"},"sceneLighting":false,"audioPlay":false,"sceneViewState":{"m_AlwaysRefresh":false,"showFog":true,"showSkybox":false,"showFlares":true,"showImageEffects":true,"showParticleSystems":true,"showVisualEffectGraphs":true,"m_FxEnabled":true},"in2DMode":false,"pivot":{"x":-0.00017280876636505127,"y":0.3672552704811096,"z":0.0029293671250343324},"rotation":{"x":-0.12659302353858949,"y":0.7319735884666443,"z":-0.14132238924503327,"w":-0.6549983024597168},"size":0.5558544993400574,"orthographic":false}