{"cameraMode":{"drawMode":0,"name":"Shaded","section":"Shading Mode"},"sceneLighting":false,"audioPlay":false,"sceneViewState":{"m_AlwaysRefresh":false,"showFog":true,"showSkybox":false,"showFlares":true,"showImageEffects":true,"showParticleSystems":true,"showVisualEffectGraphs":true,"m_FxEnabled":true},"in2DMode":false,"pivot":{"x":-0.5466791987419128,"y":-0.15958178043365479,"z":0.11096256971359253},"rotation":{"x":-0.8844456076622009,"y":0.062232643365859988,"z":0.12339754402637482,"w":0.44605541229248049},"size":0.6495190262794495,"orthographic":false}