{"cameraMode":{"drawMode":0,"name":"Shaded","section":"Shading Mode"},"sceneLighting":false,"audioPlay":false,"sceneViewState":{"m_AlwaysRefresh":false,"showFog":true,"showSkybox":false,"showFlares":true,"showImageEffects":true,"showParticleSystems":true,"showVisualEffectGraphs":true,"m_FxEnabled":true},"in2DMode":false,"pivot":{"x":0.004142160061746836,"y":0.0009565595537424088,"z":-0.008979392237961293},"rotation":{"x":0.1417817920446396,"y":-0.7646602988243103,"z":-0.6024122834205627,"w":-0.18052172660827638},"size":0.007605468854308128,"orthographic":false}