{"cameraMode":{"drawMode":0,"name":"Shaded","section":"Shading Mode"},"sceneLighting":false,"audioPlay":false,"sceneViewState":{"m_AlwaysRefresh":false,"showFog":true,"showSkybox":false,"showFlares":true,"showImageEffects":true,"showParticleSystems":true,"showVisualEffectGraphs":true,"m_FxEnabled":true},"in2DMode":false,"pivot":{"x":0.06901675462722779,"y":0.2516218423843384,"z":-0.0029432177543640138},"rotation":{"x":-0.42329105734825137,"y":0.08682969212532044,"z":-0.036624595522880557,"w":-0.9022572040557861},"size":2.1564395427703859,"orthographic":false}